{
  "n_customers": 60000,
  "control_users": 30175,
  "treatment_users": 29825,
  "control_conversion_rate": 0.07608947804473902,
  "treatment_conversion_rate": 0.0871081307627829,
  "conversion_lift_abs": 0.011018652718043878,
  "conversion_lift_rel": 0.14481177951523258,
  "conversion_p_value": 8.20404100654315e-07,
  "conversion_ci_low": 0.006637726653774187,
  "conversion_ci_high": 0.015399578782313569,
  "standard_margin_diff_chf": 0.16153121182595598,
  "standard_margin_ci_low_chf": 0.07438949074055846,
  "standard_margin_ci_high_chf": 0.2486729329113535,
  "cuped_margin_diff_chf": 0.13222909591151222,
  "cuped_margin_ci_low_chf": 0.05685626506414877,
  "cuped_margin_ci_high_chf": 0.20760192675887568,
  "cuped_margin_p_value": 0.0005853576750758036,
  "cuped_variance_reduction": 0.2519671322080933,
  "cuped_theta": 0.2448572187288275,
  "required_n_per_group_for_0_6pp_mde": 30655,
  "duration_days_at_8500_daily_traffic": 8,
  "observed_power": 0.9985096194599431,
  "annualized_rollout_margin_chf": 4653991.929314118,
  "annualized_rollout_low_chf": 2001137.4721685222,
  "annualized_rollout_high_chf": 7306846.386459714,
  "guardrail_status": "Pass"
}